Word,Neg,Pos
ABANDON,-1,0
ABANDONED,-1,0
ABANDONING,-1,0
ABANDONMENT,-1,0
ABANDONMENTS,-1,0
ABANDONS,-1,0
ABDICATED,-1,0
ABDICATES,-1,0
ABDICATING,-1,0
ABDICATION,-1,0
ABDICATIONS,-1,0
ABERRANT,-1,0
ABERRATION,-1,0
ABERRATIONAL,-1,0
ABERRATIONS,-1,0
ABETTING,-1,0
ABLE,0,1
ABNORMAL,-1,0
ABNORMALITIES,-1,0
ABNORMALITY,-1,0
ABNORMALLY,-1,0
ABOLISH,-1,0
ABOLISHED,-1,0
ABOLISHES,-1,0
ABOLISHING,-1,0
ABROGATE,-1,0
ABROGATED,-1,0
ABROGATES,-1,0
ABROGATING,-1,0
ABROGATION,-1,0
ABROGATIONS,-1,0
ABRUPT,-1,0
ABRUPTLY,-1,0
ABRUPTNESS,-1,0
ABSENCE,-1,0
ABSENCES,-1,0
ABSENTEEISM,-1,0
ABUNDANCE,0,1
ABUNDANT,0,1
ABUSE,-1,0
ABUSED,-1,0
ABUSES,-1,0
ABUSING,-1,0
ABUSIVE,-1,0
ABUSIVELY,-1,0
ABUSIVENESS,-1,0
ACCIDENT,-1,0
ACCIDENTAL,-1,0
ACCIDENTALLY,-1,0
ACCIDENTS,-1,0
ACCLAIMED,0,1
ACCOMPLISH,0,1
ACCOMPLISHED,0,1
ACCOMPLISHES,0,1
ACCOMPLISHING,0,1
ACCOMPLISHMENT,0,1
ACCOMPLISHMENTS,0,1
ACCUSATION,-1,0
ACCUSATIONS,-1,0
ACCUSE,-1,0
ACCUSED,-1,0
ACCUSES,-1,0
ACCUSING,-1,0
ACHIEVE,0,1
ACHIEVED,0,1
ACHIEVEMENT,0,1
ACHIEVEMENTS,0,1
ACHIEVES,0,1
ACHIEVING,0,1
ACQUIESCE,-1,0
ACQUIESCED,-1,0
ACQUIESCES,-1,0
ACQUIESCING,-1,0
ACQUIT,-1,0
ACQUITS,-1,0
ACQUITTAL,-1,0
ACQUITTALS,-1,0
ACQUITTED,-1,0
ACQUITTING,-1,0
ADEQUATELY,0,1
ADULTERATE,-1,0
ADULTERATED,-1,0
ADULTERATING,-1,0
ADULTERATION,-1,0
ADULTERATIONS,-1,0
ADVANCEMENT,0,1
ADVANCEMENTS,0,1
ADVANCES,0,1
ADVANCING,0,1
ADVANTAGE,0,1
ADVANTAGED,0,1
ADVANTAGEOUS,0,1
ADVANTAGEOUSLY,0,1
ADVANTAGES,0,1
ADVERSARIAL,-1,0
ADVERSARIES,-1,0
ADVERSARY,-1,0
ADVERSE,-1,0
ADVERSELY,-1,0
ADVERSITIES,-1,0
ADVERSITY,-1,0
AFTERMATH,-1,0
AFTERMATHS,-1,0
AGAINST,-1,0
AGGRAVATE,-1,0
AGGRAVATED,-1,0
AGGRAVATES,-1,0
AGGRAVATING,-1,0
AGGRAVATION,-1,0
AGGRAVATIONS,-1,0
ALERTED,-1,0
ALERTING,-1,0
ALIENATE,-1,0
ALIENATED,-1,0
ALIENATES,-1,0
ALIENATING,-1,0
ALIENATION,-1,0
ALIENATIONS,-1,0
ALLEGATION,-1,0
ALLEGATIONS,-1,0
ALLEGE,-1,0
ALLEGED,-1,0
ALLEGEDLY,-1,0
ALLEGES,-1,0
ALLEGING,-1,0
ALLIANCE,0,1
ALLIANCES,0,1
ANNOY,-1,0
ANNOYANCE,-1,0
ANNOYANCES,-1,0
ANNOYED,-1,0
ANNOYING,-1,0
ANNOYS,-1,0
ANNUL,-1,0
ANNULLED,-1,0
ANNULLING,-1,0
ANNULMENT,-1,0
ANNULMENTS,-1,0
ANNULS,-1,0
ANOMALIES,-1,0
ANOMALOUS,-1,0
ANOMALOUSLY,-1,0
ANOMALY,-1,0
ANTICOMPETITIVE,-1,0
ANTITRUST,-1,0
ARGUE,-1,0
ARGUED,-1,0
ARGUING,-1,0
ARGUMENT,-1,0
ARGUMENTATIVE,-1,0
ARGUMENTS,-1,0
ARREARAGE,-1,0
ARREARAGES,-1,0
ARREARS,-1,0
ARREST,-1,0
ARRESTED,-1,0
ARRESTS,-1,0
ARTIFICIALLY,-1,0
ASSAULT,-1,0
ASSAULTED,-1,0
ASSAULTING,-1,0
ASSAULTS,-1,0
ASSERTIONS,-1,0
ASSURE,0,1
ASSURED,0,1
ASSURES,0,1
ASSURING,0,1
ATTAIN,0,1
ATTAINED,0,1
ATTAINING,0,1
ATTAINMENT,0,1
ATTAINMENTS,0,1
ATTAINS,0,1
ATTRACTIVE,0,1
ATTRACTIVENESS,0,1
ATTRITION,-1,0
AVERSELY,-1,0
BACKDATING,-1,0
BAD,-1,0
BAIL,-1,0
BAILOUT,-1,0
BALK,-1,0
BALKED,-1,0
BANKRUPT,-1,0
BANKRUPTCIES,-1,0
BANKRUPTCY,-1,0
BANKRUPTED,-1,0
BANKRUPTING,-1,0
BANKRUPTS,-1,0
BANS,-1,0
BARRED,-1,0
BARRIER,-1,0
BARRIERS,-1,0
BEAUTIFUL,0,1
BEAUTIFULLY,0,1
BENEFICIAL,0,1
BENEFICIALLY,0,1
BENEFIT,0,1
BENEFITED,0,1
BENEFITING,0,1
BENEFITTED,0,1
BENEFITTING,0,1
BEST,0,1
BETTER,0,1
BOLSTERED,0,1
BOLSTERING,0,1
BOLSTERS,0,1
BOOM,0,1
BOOMING,0,1
BOOST,0,1
BOOSTED,0,1
BOTTLENECK,-1,0
BOTTLENECKS,-1,0
BOYCOTT,-1,0
BOYCOTTED,-1,0
BOYCOTTING,-1,0
BOYCOTTS,-1,0
BREACH,-1,0
BREACHED,-1,0
BREACHES,-1,0
BREACHING,-1,0
BREAK,-1,0
BREAKAGE,-1,0
BREAKAGES,-1,0
BREAKDOWN,-1,0
BREAKDOWNS,-1,0
BREAKING,-1,0
BREAKS,-1,0
BREAKTHROUGH,0,1
BREAKTHROUGHS,0,1
BRIBE,-1,0
BRIBED,-1,0
BRIBERIES,-1,0
BRIBERY,-1,0
BRIBES,-1,0
BRIBING,-1,0
BRIDGE,-1,0
BRILLIANT,0,1
BROKEN,-1,0
BURDEN,-1,0
BURDENED,-1,0
BURDENING,-1,0
BURDENS,-1,0
BURDENSOME,-1,0
BURNED,-1,0
CALAMITIES,-1,0
CALAMITOUS,-1,0
CALAMITY,-1,0
CANCEL,-1,0
CANCELED,-1,0
CANCELING,-1,0
CANCELLATION,-1,0
CANCELLATIONS,-1,0
CANCELLED,-1,0
CANCELLING,-1,0
CANCELS,-1,0
CARELESS,-1,0
CARELESSLY,-1,0
CARELESSNESS,-1,0
CATASTROPHE,-1,0
CATASTROPHES,-1,0
CATASTROPHIC,-1,0
CATASTROPHICALLY,-1,0
CAUTION,-1,0
CAUTIONARY,-1,0
CAUTIONED,-1,0
CAUTIONING,-1,0
CAUTIONS,-1,0
CEASE,-1,0
CEASED,-1,0
CEASES,-1,0
CEASING,-1,0
CENSURE,-1,0
CENSURED,-1,0
CENSURES,-1,0
CENSURING,-1,0
CHALLENGE,-1,0
CHALLENGED,-1,0
CHALLENGES,-1,0
CHALLENGING,-1,0
CHARGEOFFS,-1,0
CHARITABLE,0,1
CIRCUMVENT,-1,0
CIRCUMVENTED,-1,0
CIRCUMVENTING,-1,0
CIRCUMVENTION,-1,0
CIRCUMVENTIONS,-1,0
CIRCUMVENTS,-1,0
CLAIMING,-1,0
CLAIMS,-1,0
CLAWBACK,-1,0
CLOSED,-1,0
CLOSEOUT,-1,0
CLOSEOUTS,-1,0
CLOSING,-1,0
CLOSINGS,-1,0
CLOSURE,-1,0
CLOSURES,-1,0
COERCE,-1,0
COERCED,-1,0
COERCES,-1,0
COERCING,-1,0
COERCION,-1,0
COERCIVE,-1,0
COLLABORATE,0,1
COLLABORATED,0,1
COLLABORATES,0,1
COLLABORATING,0,1
COLLABORATION,0,1
COLLABORATIONS,0,1
COLLABORATIVE,0,1
COLLABORATOR,0,1
COLLABORATORS,0,1
COLLAPSE,-1,0
COLLAPSED,-1,0
COLLAPSES,-1,0
COLLAPSING,-1,0
COLLISION,-1,0
COLLISIONS,-1,0
COLLUDE,-1,0
COLLUDED,-1,0
COLLUDES,-1,0
COLLUDING,-1,0
COLLUSION,-1,0
COLLUSIONS,-1,0
COLLUSIVE,-1,0
COMPLAIN,-1,0
COMPLAINED,-1,0
COMPLAINING,-1,0
COMPLAINS,-1,0
COMPLAINT,-1,0
COMPLAINTS,-1,0
COMPLICATE,-1,0
COMPLICATED,-1,0
COMPLICATES,-1,0
COMPLICATING,-1,0
COMPLICATION,-1,0
COMPLICATIONS,-1,0
COMPLIMENT,0,1
COMPLIMENTARY,0,1
COMPLIMENTED,0,1
COMPLIMENTING,0,1
COMPLIMENTS,0,1
COMPULSION,-1,0
CONCEALED,-1,0
CONCEALING,-1,0
CONCEDE,-1,0
CONCEDED,-1,0
CONCEDES,-1,0
CONCEDING,-1,0
CONCERN,-1,0
CONCERNED,-1,0
CONCERNS,-1,0
CONCILIATING,-1,0
CONCILIATION,-1,0
CONCILIATIONS,-1,0
CONCLUSIVE,0,1
CONCLUSIVELY,0,1
CONDEMN,-1,0
CONDEMNATION,-1,0
CONDEMNATIONS,-1,0
CONDEMNED,-1,0
CONDEMNING,-1,0
CONDEMNS,-1,0
CONDONE,-1,0
CONDONED,-1,0
CONDUCIVE,0,1
CONFESS,-1,0
CONFESSED,-1,0
CONFESSES,-1,0
CONFESSING,-1,0
CONFESSION,-1,0
CONFIDENT,0,1
CONFINE,-1,0
CONFINED,-1,0
CONFINEMENT,-1,0
CONFINEMENTS,-1,0
CONFINES,-1,0
CONFINING,-1,0
CONFISCATE,-1,0
CONFISCATED,-1,0
CONFISCATES,-1,0
CONFISCATING,-1,0
CONFISCATION,-1,0
CONFISCATIONS,-1,0
CONFLICT,-1,0
CONFLICTED,-1,0
CONFLICTING,-1,0
CONFLICTS,-1,0
CONFRONT,-1,0
CONFRONTATION,-1,0
CONFRONTATIONAL,-1,0
CONFRONTATIONS,-1,0
CONFRONTED,-1,0
CONFRONTING,-1,0
CONFRONTS,-1,0
CONFUSE,-1,0
CONFUSED,-1,0
CONFUSES,-1,0
CONFUSING,-1,0
CONFUSINGLY,-1,0
CONFUSION,-1,0
CONSPIRACIES,-1,0
CONSPIRACY,-1,0
CONSPIRATOR,-1,0
CONSPIRATORIAL,-1,0
CONSPIRATORS,-1,0
CONSPIRE,-1,0
CONSPIRED,-1,0
CONSPIRES,-1,0
CONSPIRING,-1,0
CONSTRUCTIVE,0,1
CONSTRUCTIVELY,0,1
CONTEMPT,-1,0
CONTEND,-1,0
CONTENDED,-1,0
CONTENDING,-1,0
CONTENDS,-1,0
CONTENTION,-1,0
CONTENTIONS,-1,0
CONTENTIOUS,-1,0
CONTENTIOUSLY,-1,0
CONTESTED,-1,0
CONTESTING,-1,0
CONTRACTION,-1,0
CONTRACTIONS,-1,0
CONTRADICT,-1,0
CONTRADICTED,-1,0
CONTRADICTING,-1,0
CONTRADICTION,-1,0
CONTRADICTIONS,-1,0
CONTRADICTORY,-1,0
CONTRADICTS,-1,0
CONTRARY,-1,0
CONTROVERSIAL,-1,0
CONTROVERSIES,-1,0
CONTROVERSY,-1,0
CONVICT,-1,0
CONVICTED,-1,0
CONVICTING,-1,0
CONVICTION,-1,0
CONVICTIONS,-1,0
CORRECTED,-1,0
CORRECTING,-1,0
CORRECTION,-1,0
CORRECTIONS,-1,0
CORRECTS,-1,0
CORRUPT,-1,0
CORRUPTED,-1,0
CORRUPTING,-1,0
CORRUPTION,-1,0
CORRUPTIONS,-1,0
CORRUPTLY,-1,0
CORRUPTNESS,-1,0
COSTLY,-1,0
COUNTERCLAIM,-1,0
COUNTERCLAIMED,-1,0
COUNTERCLAIMING,-1,0
COUNTERCLAIMS,-1,0
COUNTERFEIT,-1,0
COUNTERFEITED,-1,0
COUNTERFEITER,-1,0
COUNTERFEITERS,-1,0
COUNTERFEITING,-1,0
COUNTERFEITS,-1,0
COUNTERMEASURE,-1,0
COUNTERMEASURES,-1,0
COURTEOUS,0,1
CREATIVE,0,1
CREATIVELY,0,1
CREATIVENESS,0,1
CREATIVITY,0,1
CRIME,-1,0
CRIMES,-1,0
CRIMINAL,-1,0
CRIMINALLY,-1,0
CRIMINALS,-1,0
CRISES,-1,0
CRISIS,-1,0
CRITICAL,-1,0
CRITICALLY,-1,0
CRITICISM,-1,0
CRITICISMS,-1,0
CRITICIZE,-1,0
CRITICIZED,-1,0
CRITICIZES,-1,0
CRITICIZING,-1,0
CRUCIAL,-1,0
CRUCIALLY,-1,0
CULPABILITY,-1,0
CULPABLE,-1,0
CULPABLY,-1,0
CUMBERSOME,-1,0
CURTAIL,-1,0
CURTAILED,-1,0
CURTAILING,-1,0
CURTAILMENT,-1,0
CURTAILMENTS,-1,0
CURTAILS,-1,0
CUT,-1,0
CUTBACK,-1,0
CUTBACKS,-1,0
CYBERATTACK,-1,0
CYBERATTACKS,-1,0
CYBERBULLYING,-1,0
CYBERCRIME,-1,0
CYBERCRIMES,-1,0
CYBERCRIMINAL,-1,0
CYBERCRIMINALS,-1,0
DAMAGE,-1,0
DAMAGED,-1,0
DAMAGES,-1,0
DAMAGING,-1,0
DAMPEN,-1,0
DAMPENED,-1,0
DANGER,-1,0
DANGEROUS,-1,0
DANGEROUSLY,-1,0
DANGERS,-1,0
DEADLOCK,-1,0
DEADLOCKED,-1,0
DEADLOCKING,-1,0
DEADLOCKS,-1,0
DEADWEIGHT,-1,0
DEADWEIGHTS,-1,0
DEBARMENT,-1,0
DEBARMENTS,-1,0
DEBARRED,-1,0
DECEASED,-1,0
DECEIT,-1,0
DECEITFUL,-1,0
DECEITFULNESS,-1,0
DECEIVE,-1,0
DECEIVED,-1,0
DECEIVES,-1,0
DECEIVING,-1,0
DECEPTION,-1,0
DECEPTIONS,-1,0
DECEPTIVE,-1,0
DECEPTIVELY,-1,0
DECLINE,-1,0
DECLINED,-1,0
DECLINES,-1,0
DECLINING,-1,0
DEFACE,-1,0
DEFACED,-1,0
DEFACEMENT,-1,0
DEFAMATION,-1,0
DEFAMATIONS,-1,0
DEFAMATORY,-1,0
DEFAME,-1,0
DEFAMED,-1,0
DEFAMES,-1,0
DEFAMING,-1,0
DEFAULT,-1,0
DEFAULTED,-1,0
DEFAULTING,-1,0
DEFAULTS,-1,0
DEFEAT,-1,0
DEFEATED,-1,0
DEFEATING,-1,0
DEFEATS,-1,0
DEFECT,-1,0
DEFECTIVE,-1,0
DEFECTS,-1,0
DEFEND,-1,0
DEFENDANT,-1,0
DEFENDANTS,-1,0
DEFENDED,-1,0
DEFENDING,-1,0
DEFENDS,-1,0
DEFENSIVE,-1,0
DEFER,-1,0
DEFICIENCIES,-1,0
DEFICIENCY,-1,0
DEFICIENT,-1,0
DEFICIT,-1,0
DEFICITS,-1,0
DEFRAUD,-1,0
DEFRAUDED,-1,0
DEFRAUDING,-1,0
DEFRAUDS,-1,0
DEFUNCT,-1,0
DEGRADATION,-1,0
DEGRADATIONS,-1,0
DEGRADE,-1,0
DEGRADED,-1,0
DEGRADES,-1,0
DEGRADING,-1,0
DELAY,-1,0
DELAYED,-1,0
DELAYING,-1,0
DELAYS,-1,0
DELETERIOUS,-1,0
DELIBERATE,-1,0
DELIBERATED,-1,0
DELIBERATELY,-1,0
DELIGHT,0,1
DELIGHTED,0,1
DELIGHTFUL,0,1
DELIGHTFULLY,0,1
DELIGHTING,0,1
DELIGHTS,0,1
DELINQUENCIES,-1,0
DELINQUENCY,-1,0
DELINQUENT,-1,0
DELINQUENTLY,-1,0
DELINQUENTS,-1,0
DELIST,-1,0
DELISTED,-1,0
DELISTING,-1,0
DELISTS,-1,0
DEMISE,-1,0
DEMISED,-1,0
DEMISES,-1,0
DEMISING,-1,0
DEMOLISH,-1,0
DEMOLISHED,-1,0
DEMOLISHES,-1,0
DEMOLISHING,-1,0
DEMOLITION,-1,0
DEMOLITIONS,-1,0
DEMOTE,-1,0
DEMOTED,-1,0
DEMOTES,-1,0
DEMOTING,-1,0
DEMOTION,-1,0
DEMOTIONS,-1,0
DENIAL,-1,0
DENIALS,-1,0
DENIED,-1,0
DENIES,-1,0
DENIGRATE,-1,0
DENIGRATED,-1,0
DENIGRATES,-1,0
DENIGRATING,-1,0
DENIGRATION,-1,0
DENY,-1,0
DENYING,-1,0
DEPENDABILITY,0,1
DEPENDABLE,0,1
DEPLETE,-1,0
DEPLETED,-1,0
DEPLETES,-1,0
DEPLETING,-1,0
DEPLETION,-1,0
DEPLETIONS,-1,0
DEPRECATION,-1,0
DEPRESS,-1,0
DEPRESSED,-1,0
DEPRESSES,-1,0
DEPRESSING,-1,0
DEPRIVATION,-1,0
DEPRIVE,-1,0
DEPRIVED,-1,0
DEPRIVES,-1,0
DEPRIVING,-1,0
DERELICT,-1,0
DERELICTION,-1,0
DEROGATORY,-1,0
DESIRABLE,0,1
DESIRED,0,1
DESPITE,0,1
DESTABILIZATION,-1,0
DESTABILIZE,-1,0
DESTABILIZED,-1,0
DESTABILIZING,-1,0
DESTINED,0,1
DESTROY,-1,0
DESTROYED,-1,0
DESTROYING,-1,0
DESTROYS,-1,0
DESTRUCTION,-1,0
DESTRUCTIVE,-1,0
DETAIN,-1,0
DETAINED,-1,0
DETENTION,-1,0
DETENTIONS,-1,0
DETER,-1,0
DETERIORATE,-1,0
DETERIORATED,-1,0
DETERIORATES,-1,0
DETERIORATING,-1,0
DETERIORATION,-1,0
DETERIORATIONS,-1,0
DETERRED,-1,0
DETERRENCE,-1,0
DETERRENCES,-1,0
DETERRENT,-1,0
DETERRENTS,-1,0
DETERRING,-1,0
DETERS,-1,0
DETRACT,-1,0
DETRACTED,-1,0
DETRACTING,-1,0
DETRIMENT,-1,0
DETRIMENTAL,-1,0
DETRIMENTALLY,-1,0
DETRIMENTS,-1,0
DEVALUE,-1,0
DEVALUED,-1,0
DEVALUES,-1,0
DEVALUING,-1,0
DEVASTATE,-1,0
DEVASTATED,-1,0
DEVASTATING,-1,0
DEVASTATION,-1,0
DEVIATE,-1,0
DEVIATED,-1,0
DEVIATES,-1,0
DEVIATING,-1,0
DEVIATION,-1,0
DEVIATIONS,-1,0
DEVOLVE,-1,0
DEVOLVED,-1,0
DEVOLVES,-1,0
DEVOLVING,-1,0
DIFFICULT,-1,0
DIFFICULTIES,-1,0
DIFFICULTLY,-1,0
DIFFICULTY,-1,0
DILIGENT,0,1
DILIGENTLY,0,1
DIMINISH,-1,0
DIMINISHED,-1,0
DIMINISHES,-1,0
DIMINISHING,-1,0
DIMINUTION,-1,0
DISADVANTAGE,-1,0
DISADVANTAGED,-1,0
DISADVANTAGEOUS,-1,0
DISADVANTAGES,-1,0
DISAFFILIATION,-1,0
DISAGREE,-1,0
DISAGREEABLE,-1,0
DISAGREED,-1,0
DISAGREEING,-1,0
DISAGREEMENT,-1,0
DISAGREEMENTS,-1,0
DISAGREES,-1,0
DISALLOW,-1,0
DISALLOWANCE,-1,0
DISALLOWANCES,-1,0
DISALLOWED,-1,0
DISALLOWING,-1,0
DISALLOWS,-1,0
DISAPPEAR,-1,0
DISAPPEARANCE,-1,0
DISAPPEARANCES,-1,0
DISAPPEARED,-1,0
DISAPPEARING,-1,0
DISAPPEARS,-1,0
DISAPPOINT,-1,0
DISAPPOINTED,-1,0
DISAPPOINTING,-1,0
DISAPPOINTINGLY,-1,0
DISAPPOINTMENT,-1,0
DISAPPOINTMENTS,-1,0
DISAPPOINTS,-1,0
DISAPPROVAL,-1,0
DISAPPROVALS,-1,0
DISAPPROVE,-1,0
DISAPPROVED,-1,0
DISAPPROVES,-1,0
DISAPPROVING,-1,0
DISASSOCIATES,-1,0
DISASSOCIATING,-1,0
DISASSOCIATION,-1,0
DISASSOCIATIONS,-1,0
DISASTER,-1,0
DISASTERS,-1,0
DISASTROUS,-1,0
DISASTROUSLY,-1,0
DISAVOW,-1,0
DISAVOWAL,-1,0
DISAVOWED,-1,0
DISAVOWING,-1,0
DISAVOWS,-1,0
DISCIPLINARY,-1,0
DISCLAIM,-1,0
DISCLAIMED,-1,0
DISCLAIMER,-1,0
DISCLAIMERS,-1,0
DISCLAIMING,-1,0
DISCLAIMS,-1,0
DISCLOSE,-1,0
DISCLOSED,-1,0
DISCLOSES,-1,0
DISCLOSING,-1,0
DISCONTINUANCE,-1,0
DISCONTINUANCES,-1,0
DISCONTINUATION,-1,0
DISCONTINUATIONS,-1,0
DISCONTINUE,-1,0
DISCONTINUED,-1,0
DISCONTINUES,-1,0
DISCONTINUING,-1,0
DISCOURAGE,-1,0
DISCOURAGED,-1,0
DISCOURAGES,-1,0
DISCOURAGING,-1,0
DISCREDIT,-1,0
DISCREDITED,-1,0
DISCREDITING,-1,0
DISCREDITS,-1,0
DISCREPANCIES,-1,0
DISCREPANCY,-1,0
DISFAVOR,-1,0
DISFAVORED,-1,0
DISFAVORING,-1,0
DISFAVORS,-1,0
DISGORGE,-1,0
DISGORGED,-1,0
DISGORGEMENT,-1,0
DISGORGEMENTS,-1,0
DISGORGES,-1,0
DISGORGING,-1,0
DISGRACE,-1,0
DISGRACEFUL,-1,0
DISGRACEFULLY,-1,0
DISHONEST,-1,0
DISHONESTLY,-1,0
DISHONESTY,-1,0
DISHONOR,-1,0
DISHONORABLE,-1,0
DISHONORABLY,-1,0
DISHONORED,-1,0
DISHONORING,-1,0
DISHONORS,-1,0
DISINCENTIVES,-1,0
DISINTERESTED,-1,0
DISINTERESTEDLY,-1,0
DISINTERESTEDNESS,-1,0
DISLOYAL,-1,0
DISLOYALLY,-1,0
DISLOYALTY,-1,0
DISMAL,-1,0
DISMALLY,-1,0
DISMISS,-1,0
DISMISSAL,-1,0
DISMISSALS,-1,0
DISMISSED,-1,0
DISMISSES,-1,0
DISMISSING,-1,0
DISORDERLY,-1,0
DISPARAGE,-1,0
DISPARAGED,-1,0
DISPARAGEMENT,-1,0
DISPARAGEMENTS,-1,0
DISPARAGES,-1,0
DISPARAGING,-1,0
DISPARAGINGLY,-1,0
DISPARITIES,-1,0
DISPARITY,-1,0
DISPLACE,-1,0
DISPLACED,-1,0
DISPLACEMENT,-1,0
DISPLACEMENTS,-1,0
DISPLACES,-1,0
DISPLACING,-1,0
DISPOSE,-1,0
DISPOSSESS,-1,0
DISPOSSESSED,-1,0
DISPOSSESSES,-1,0
DISPOSSESSING,-1,0
DISPROPORTION,-1,0
DISPROPORTIONAL,-1,0
DISPROPORTIONATE,-1,0
DISPROPORTIONATELY,-1,0
DISPUTE,-1,0
DISPUTED,-1,0
DISPUTES,-1,0
DISPUTING,-1,0
DISQUALIFICATION,-1,0
DISQUALIFICATIONS,-1,0
DISQUALIFIED,-1,0
DISQUALIFIES,-1,0
DISQUALIFY,-1,0
DISQUALIFYING,-1,0
DISREGARD,-1,0
DISREGARDED,-1,0
DISREGARDING,-1,0
DISREGARDS,-1,0
DISREPUTABLE,-1,0
DISREPUTE,-1,0
DISRUPT,-1,0
DISRUPTED,-1,0
DISRUPTING,-1,0
DISRUPTION,-1,0
DISRUPTIONS,-1,0
DISRUPTIVE,-1,0
DISRUPTS,-1,0
DISSATISFACTION,-1,0
DISSATISFIED,-1,0
DISSENT,-1,0
DISSENTED,-1,0
DISSENTER,-1,0
DISSENTERS,-1,0
DISSENTING,-1,0
DISSENTS,-1,0
DISSIDENT,-1,0
DISSIDENTS,-1,0
DISSOLUTION,-1,0
DISSOLUTIONS,-1,0
DISTINCTION,0,1
DISTINCTIONS,0,1
DISTINCTIVE,0,1
DISTINCTIVELY,0,1
DISTINCTIVENESS,0,1
DISTORT,-1,0
DISTORTED,-1,0
DISTORTING,-1,0
DISTORTION,-1,0
DISTORTIONS,-1,0
DISTORTS,-1,0
DISTRACT,-1,0
DISTRACTED,-1,0
DISTRACTING,-1,0
DISTRACTION,-1,0
DISTRACTIONS,-1,0
DISTRACTS,-1,0
DISTRESS,-1,0
DISTRESSED,-1,0
DISTURB,-1,0
DISTURBANCE,-1,0
DISTURBANCES,-1,0
DISTURBED,-1,0
DISTURBING,-1,0
DISTURBS,-1,0
DIVERSION,-1,0
DIVERT,-1,0
DIVERTED,-1,0
DIVERTING,-1,0
DIVERTS,-1,0
DIVEST,-1,0
DIVESTED,-1,0
DIVESTING,-1,0
DIVESTITURE,-1,0
DIVESTITURES,-1,0
DIVESTMENT,-1,0
DIVESTMENTS,-1,0
DIVESTS,-1,0
DIVORCE,-1,0
DIVORCED,-1,0
DIVULGE,-1,0
DIVULGED,-1,0
DIVULGES,-1,0
DIVULGING,-1,0
DOUBT,-1,0
DOUBTED,-1,0
DOUBTFUL,-1,0
DOUBTS,-1,0
DOWNGRADE,-1,0
DOWNGRADED,-1,0
DOWNGRADES,-1,0
DOWNGRADING,-1,0
DOWNSIZE,-1,0
DOWNSIZED,-1,0
DOWNSIZES,-1,0
DOWNSIZING,-1,0
DOWNSIZINGS,-1,0
DOWNTIME,-1,0
DOWNTIMES,-1,0
DOWNTURN,-1,0
DOWNTURNS,-1,0
DOWNWARD,-1,0
DOWNWARDS,-1,0
DRAG,-1,0
DRASTIC,-1,0
DRASTICALLY,-1,0
DRAWBACK,-1,0
DRAWBACKS,-1,0
DREAM,0,1
DROPPED,-1,0
DROUGHT,-1,0
DROUGHTS,-1,0
DURESS,-1,0
DYSFUNCTION,-1,0
DYSFUNCTIONAL,-1,0
DYSFUNCTIONS,-1,0
EASIER,0,1
EASILY,0,1
EASING,-1,0
EASY,0,1
EFFECTIVE,0,1
EFFICIENCIES,0,1
EFFICIENCY,0,1
EFFICIENT,0,1
EFFICIENTLY,0,1
EGREGIOUS,-1,0
EGREGIOUSLY,-1,0
EMBARGO,-1,0
EMBARGOED,-1,0
EMBARGOES,-1,0
EMBARGOING,-1,0
EMBARRASS,-1,0
EMBARRASSED,-1,0
EMBARRASSES,-1,0
EMBARRASSING,-1,0
EMBARRASSMENT,-1,0
EMBARRASSMENTS,-1,0
EMBEZZLE,-1,0
EMBEZZLED,-1,0
EMBEZZLEMENT,-1,0
EMBEZZLEMENTS,-1,0
EMBEZZLER,-1,0
EMBEZZLES,-1,0
EMBEZZLING,-1,0
EMPOWER,0,1
EMPOWERED,0,1
EMPOWERING,0,1
EMPOWERS,0,1
ENABLE,0,1
ENABLED,0,1
ENABLES,0,1
ENABLING,0,1
ENCOURAGED,0,1
ENCOURAGEMENT,0,1
ENCOURAGES,0,1
ENCOURAGING,0,1
ENCROACH,-1,0
ENCROACHED,-1,0
ENCROACHES,-1,0
ENCROACHING,-1,0
ENCROACHMENT,-1,0
ENCROACHMENTS,-1,0
ENCUMBER,-1,0
ENCUMBERED,-1,0
ENCUMBERING,-1,0
ENCUMBERS,-1,0
ENCUMBRANCE,-1,0
ENCUMBRANCES,-1,0
ENDANGER,-1,0
ENDANGERED,-1,0
ENDANGERING,-1,0
ENDANGERMENT,-1,0
ENDANGERS,-1,0
ENHANCE,0,1
ENHANCED,0,1
ENHANCEMENT,0,1
ENHANCEMENTS,0,1
ENHANCES,0,1
ENHANCING,0,1
ENJOIN,-1,0
ENJOINED,-1,0
ENJOINING,-1,0
ENJOINS,-1,0
ENJOY,0,1
ENJOYABLE,0,1
ENJOYABLY,0,1
ENJOYED,0,1
ENJOYING,0,1
ENJOYMENT,0,1
ENJOYS,0,1
ENTHUSIASM,0,1
ENTHUSIASTIC,0,1
ENTHUSIASTICALLY,0,1
ERODE,-1,0
ERODED,-1,0
ERODES,-1,0
ERODING,-1,0
EROSION,-1,0
ERRATIC,-1,0
ERRATICALLY,-1,0
ERRED,-1,0
ERRING,-1,0
ERRONEOUS,-1,0
ERRONEOUSLY,-1,0
ERROR,-1,0
ERRORS,-1,0
ERRS,-1,0
ESCALATE,-1,0
ESCALATED,-1,0
ESCALATES,-1,0
ESCALATING,-1,0
EVADE,-1,0
EVADED,-1,0
EVADES,-1,0
EVADING,-1,0
EVASION,-1,0
EVASIONS,-1,0
EVASIVE,-1,0
EVICT,-1,0
EVICTED,-1,0
EVICTING,-1,0
EVICTION,-1,0
EVICTIONS,-1,0
EVICTS,-1,0
EXACERBATE,-1,0
EXACERBATED,-1,0
EXACERBATES,-1,0
EXACERBATING,-1,0
EXACERBATION,-1,0
EXACERBATIONS,-1,0
EXAGGERATE,-1,0
EXAGGERATED,-1,0
EXAGGERATES,-1,0
EXAGGERATING,-1,0
EXAGGERATION,-1,0
EXCELLENCE,0,1
EXCELLENT,0,1
EXCELLING,0,1
EXCELS,0,1
EXCEPTIONAL,0,1
EXCEPTIONALLY,0,1
EXCESSIVE,-1,0
EXCESSIVELY,-1,0
EXCITED,0,1
EXCITEMENT,0,1
EXCITING,0,1
EXCLUSIVE,0,1
EXCLUSIVELY,0,1
EXCLUSIVENESS,0,1
EXCLUSIVES,0,1
EXCLUSIVITY,0,1
EXCULPATE,-1,0
EXCULPATED,-1,0
EXCULPATES,-1,0
EXCULPATING,-1,0
EXCULPATION,-1,0
EXCULPATIONS,-1,0
EXCULPATORY,-1,0
EXEMPLARY,0,1
EXONERATE,-1,0
EXONERATED,-1,0
EXONERATES,-1,0
EXONERATING,-1,0
EXONERATION,-1,0
EXONERATIONS,-1,0
EXPLOIT,-1,0
EXPLOITATION,-1,0
EXPLOITATIONS,-1,0
EXPLOITATIVE,-1,0
EXPLOITED,-1,0
EXPLOITING,-1,0
EXPLOITS,-1,0
EXPOSE,-1,0
EXPOSED,-1,0
EXPOSES,-1,0
EXPOSING,-1,0
EXPROPRIATE,-1,0
EXPROPRIATED,-1,0
EXPROPRIATES,-1,0
EXPROPRIATING,-1,0
EXPROPRIATION,-1,0
EXPROPRIATIONS,-1,0
EXPULSION,-1,0
EXPULSIONS,-1,0
EXTENUATING,-1,0
FAIL,-1,0
FAILED,-1,0
FAILING,-1,0
FAILINGS,-1,0
FAILS,-1,0
FAILURE,-1,0
FAILURES,-1,0
FALLOUT,-1,0
FALSE,-1,0
FALSELY,-1,0
FALSIFICATION,-1,0
FALSIFICATIONS,-1,0
FALSIFIED,-1,0
FALSIFIES,-1,0
FALSIFY,-1,0
FALSIFYING,-1,0
FALSITY,-1,0
FANTASTIC,0,1
FATALITIES,-1,0
FATALITY,-1,0
FATALLY,-1,0
FAULT,-1,0
FAULTED,-1,0
FAULTS,-1,0
FAULTY,-1,0
FAVORABLE,0,1
FAVORABLY,0,1
FAVORED,0,1
FAVORING,0,1
FAVORITE,0,1
FAVORITES,0,1
FEAR,-1,0
FEARS,-1,0
FELONIES,-1,0
FELONIOUS,-1,0
FELONY,-1,0
FICTITIOUS,-1,0
FINED,-1,0
FINES,-1,0
FIRED,-1,0
FIRING,-1,0
FLAW,-1,0
FLAWED,-1,0
FLAWS,-1,0
FORBID,-1,0
FORBIDDEN,-1,0
FORBIDDING,-1,0
FORBIDS,-1,0
FORCE,-1,0
FORCED,-1,0
FORCING,-1,0
FORECLOSE,-1,0
FORECLOSED,-1,0
FORECLOSES,-1,0
FORECLOSING,-1,0
FORECLOSURE,-1,0
FORECLOSURES,-1,0
FOREGO,-1,0
FOREGOES,-1,0
FOREGONE,-1,0
FORESTALL,-1,0
FORESTALLED,-1,0
FORESTALLING,-1,0
FORESTALLS,-1,0
FORFEIT,-1,0
FORFEITED,-1,0
FORFEITING,-1,0
FORFEITS,-1,0
FORFEITURE,-1,0
FORFEITURES,-1,0
FORGERS,-1,0
FORGERY,-1,0
FRAUD,-1,0
FRAUDS,-1,0
FRAUDULENCE,-1,0
FRAUDULENT,-1,0
FRAUDULENTLY,-1,0
FRIENDLY,0,1
FRIVOLOUS,-1,0
FRIVOLOUSLY,-1,0
FRUSTRATE,-1,0
FRUSTRATED,-1,0
FRUSTRATES,-1,0
FRUSTRATING,-1,0
FRUSTRATINGLY,-1,0
FRUSTRATION,-1,0
FRUSTRATIONS,-1,0
FUGITIVE,-1,0
FUGITIVES,-1,0
GAIN,0,1
GAINED,0,1
GAINING,0,1
GAINS,0,1
GOOD,0,1
GRATUITOUS,-1,0
GRATUITOUSLY,-1,0
GREAT,0,1
GREATER,0,1
GREATEST,0,1
GREATLY,0,1
GREATNESS,0,1
GRIEVANCE,-1,0
GRIEVANCES,-1,0
GROSSLY,-1,0
GROUNDLESS,-1,0
GUILTY,-1,0
HALT,-1,0
HALTED,-1,0
HAMPER,-1,0
HAMPERED,-1,0
HAMPERING,-1,0
HAMPERS,-1,0
HAPPIEST,0,1
HAPPILY,0,1
HAPPINESS,0,1
HAPPY,0,1
HARASS,-1,0
HARASSED,-1,0
HARASSING,-1,0
HARASSMENT,-1,0
HARDSHIP,-1,0
HARDSHIPS,-1,0
HARM,-1,0
HARMED,-1,0
HARMFUL,-1,0
HARMFULLY,-1,0
HARMING,-1,0
HARMS,-1,0
HARSH,-1,0
HARSHER,-1,0
HARSHEST,-1,0
HARSHLY,-1,0
HARSHNESS,-1,0
HAZARD,-1,0
HAZARDOUS,-1,0
HAZARDS,-1,0
HIGHEST,0,1
HINDER,-1,0
HINDERED,-1,0
HINDERING,-1,0
HINDERS,-1,0
HINDRANCE,-1,0
HINDRANCES,-1,0
HONOR,0,1
HONORABLE,0,1
HONORED,0,1
HONORING,0,1
HONORS,0,1
HOSTILE,-1,0
HOSTILITY,-1,0
HURT,-1,0
HURTING,-1,0
IDEAL,0,1
IDLE,-1,0
IDLED,-1,0
IDLING,-1,0
IGNORE,-1,0
IGNORED,-1,0
IGNORES,-1,0
IGNORING,-1,0
ILL,-1,0
ILLEGAL,-1,0
ILLEGALITIES,-1,0
ILLEGALITY,-1,0
ILLEGALLY,-1,0
ILLEGIBLE,-1,0
ILLICIT,-1,0
ILLICITLY,-1,0
ILLIQUID,-1,0
ILLIQUIDITY,-1,0
IMBALANCE,-1,0
IMBALANCES,-1,0
IMMATURE,-1,0
IMMORAL,-1,0
IMPAIR,-1,0
IMPAIRED,-1,0
IMPAIRING,-1,0
IMPAIRMENT,-1,0
IMPAIRMENTS,-1,0
IMPAIRS,-1,0
IMPASSE,-1,0
IMPASSES,-1,0
IMPEDE,-1,0
IMPEDED,-1,0
IMPEDES,-1,0
IMPEDIMENT,-1,0
IMPEDIMENTS,-1,0
IMPEDING,-1,0
IMPENDING,-1,0
IMPERATIVE,-1,0
IMPERFECTION,-1,0
IMPERFECTIONS,-1,0
IMPERIL,-1,0
IMPERMISSIBLE,-1,0
IMPLICATE,-1,0
IMPLICATED,-1,0
IMPLICATES,-1,0
IMPLICATING,-1,0
IMPOSSIBILITY,-1,0
IMPOSSIBLE,-1,0
IMPOUND,-1,0
IMPOUNDED,-1,0
IMPOUNDING,-1,0
IMPOUNDS,-1,0
IMPRACTICABLE,-1,0
IMPRACTICAL,-1,0
IMPRACTICALITIES,-1,0
IMPRACTICALITY,-1,0
IMPRESS,0,1
IMPRESSED,0,1
IMPRESSES,0,1
IMPRESSING,0,1
IMPRESSIVE,0,1
IMPRESSIVELY,0,1
IMPRISONMENT,-1,0
IMPROPER,-1,0
IMPROPERLY,-1,0
IMPROPRIETIES,-1,0
IMPROPRIETY,-1,0
IMPROVE,0,1
IMPROVED,0,1
IMPROVEMENT,0,1
IMPROVEMENTS,0,1
IMPROVES,0,1
IMPROVING,0,1
IMPRUDENT,-1,0
IMPRUDENTLY,-1,0
INABILITY,-1,0
INACCESSIBLE,-1,0
INACCURACIES,-1,0
INACCURACY,-1,0
INACCURATE,-1,0
INACCURATELY,-1,0
INACTION,-1,0
INACTIONS,-1,0
INACTIVATE,-1,0
INACTIVATED,-1,0
INACTIVATES,-1,0
INACTIVATING,-1,0
INACTIVATION,-1,0
INACTIVATIONS,-1,0
INACTIVITY,-1,0
INADEQUACIES,-1,0
INADEQUACY,-1,0
INADEQUATE,-1,0
INADEQUATELY,-1,0
INADVERTENT,-1,0
INADVERTENTLY,-1,0
INADVISABILITY,-1,0
INADVISABLE,-1,0
INAPPROPRIATE,-1,0
INAPPROPRIATELY,-1,0
INATTENTION,-1,0
INCAPABLE,-1,0
INCAPACITATED,-1,0
INCAPACITY,-1,0
INCARCERATE,-1,0
INCARCERATED,-1,0
INCARCERATES,-1,0
INCARCERATING,-1,0
INCARCERATION,-1,0
INCARCERATIONS,-1,0
INCIDENCE,-1,0
INCIDENCES,-1,0
INCIDENT,-1,0
INCIDENTS,-1,0
INCOMPATIBILITIES,-1,0
INCOMPATIBILITY,-1,0
INCOMPATIBLE,-1,0
INCOMPETENCE,-1,0
INCOMPETENCY,-1,0
INCOMPETENT,-1,0
INCOMPETENTLY,-1,0
INCOMPETENTS,-1,0
INCOMPLETE,-1,0
INCOMPLETELY,-1,0
INCOMPLETENESS,-1,0
INCONCLUSIVE,-1,0
INCONSISTENCIES,-1,0
INCONSISTENCY,-1,0
INCONSISTENT,-1,0
INCONSISTENTLY,-1,0
INCONVENIENCE,-1,0
INCONVENIENCES,-1,0
INCONVENIENT,-1,0
INCORRECT,-1,0
INCORRECTLY,-1,0
INCORRECTNESS,-1,0
INCREDIBLE,0,1
INCREDIBLY,0,1
INDECENCY,-1,0
INDECENT,-1,0
INDEFEASIBLE,-1,0
INDEFEASIBLY,-1,0
INDICT,-1,0
INDICTABLE,-1,0
INDICTED,-1,0
INDICTING,-1,0
INDICTMENT,-1,0
INDICTMENTS,-1,0
INEFFECTIVE,-1,0
INEFFECTIVELY,-1,0
INEFFECTIVENESS,-1,0
INEFFICIENCIES,-1,0
INEFFICIENCY,-1,0
INEFFICIENT,-1,0
INEFFICIENTLY,-1,0
INELIGIBILITY,-1,0
INELIGIBLE,-1,0
INEQUITABLE,-1,0
INEQUITABLY,-1,0
INEQUITIES,-1,0
INEQUITY,-1,0
INEVITABLE,-1,0
INEXPERIENCE,-1,0
INEXPERIENCED,-1,0
INFERIOR,-1,0
INFLICTED,-1,0
INFLUENTIAL,0,1
INFORMATIVE,0,1
INFRACTION,-1,0
INFRACTIONS,-1,0
INFRINGE,-1,0
INFRINGED,-1,0
INFRINGEMENT,-1,0
INFRINGEMENTS,-1,0
INFRINGES,-1,0
INFRINGING,-1,0
INGENUITY,0,1
INHIBITED,-1,0
INIMICAL,-1,0
INJUNCTION,-1,0
INJUNCTIONS,-1,0
INJURE,-1,0
INJURED,-1,0
INJURES,-1,0
INJURIES,-1,0
INJURING,-1,0
INJURIOUS,-1,0
INJURY,-1,0
INNOVATE,0,1
INNOVATED,0,1
INNOVATES,0,1
INNOVATING,0,1
INNOVATION,0,1
INNOVATIONS,0,1
INNOVATIVE,0,1
INNOVATIVENESS,0,1
INNOVATOR,0,1
INNOVATORS,0,1
INORDINATE,-1,0
INORDINATELY,-1,0
INQUIRY,-1,0
INSECURE,-1,0
INSENSITIVE,-1,0
INSIGHTFUL,0,1
INSOLVENCIES,-1,0
INSOLVENCY,-1,0
INSOLVENT,-1,0
INSPIRATION,0,1
INSPIRATIONAL,0,1
INSTABILITY,-1,0
INSUBORDINATION,-1,0
INSUFFICIENCY,-1,0
INSUFFICIENT,-1,0
INSUFFICIENTLY,-1,0
INSURRECTION,-1,0
INSURRECTIONS,-1,0
INTEGRITY,0,1
INTENTIONAL,-1,0
INTERFERE,-1,0
INTERFERED,-1,0
INTERFERENCE,-1,0
INTERFERENCES,-1,0
INTERFERES,-1,0
INTERFERING,-1,0
INTERMITTENT,-1,0
INTERMITTENTLY,-1,0
INTERRUPT,-1,0
INTERRUPTED,-1,0
INTERRUPTING,-1,0
INTERRUPTION,-1,0
INTERRUPTIONS,-1,0
INTERRUPTS,-1,0
INTIMIDATION,-1,0
INTRUSION,-1,0
INVALID,-1,0
INVALIDATE,-1,0
INVALIDATED,-1,0
INVALIDATES,-1,0
INVALIDATING,-1,0
INVALIDATION,-1,0
INVALIDITY,-1,0
INVENT,0,1
INVENTED,0,1
INVENTING,0,1
INVENTION,0,1
INVENTIONS,0,1
INVENTIVE,0,1
INVENTIVENESS,0,1
INVENTOR,0,1
INVENTORS,0,1
INVESTIGATE,-1,0
INVESTIGATED,-1,0
INVESTIGATES,-1,0
INVESTIGATING,-1,0
INVESTIGATION,-1,0
INVESTIGATIONS,-1,0
INVOLUNTARILY,-1,0
INVOLUNTARY,-1,0
IRRECONCILABLE,-1,0
IRRECONCILABLY,-1,0
IRRECOVERABLE,-1,0
IRRECOVERABLY,-1,0
IRREGULAR,-1,0
IRREGULARITIES,-1,0
IRREGULARITY,-1,0
IRREGULARLY,-1,0
IRREPARABLE,-1,0
IRREPARABLY,-1,0
IRREVERSIBLE,-1,0
JEOPARDIZE,-1,0
JEOPARDIZED,-1,0
JUSTIFIABLE,-1,0
KICKBACK,-1,0
KICKBACKS,-1,0
KNOWINGLY,-1,0
LACK,-1,0
LACKED,-1,0
LACKING,-1,0
LACKLUSTER,-1,0
LACKS,-1,0
LAG,-1,0
LAGGED,-1,0
LAGGING,-1,0
LAGS,-1,0
LAPSE,-1,0
LAPSED,-1,0
LAPSES,-1,0
LAPSING,-1,0
LATE,-1,0
LAUNDERING,-1,0
LAYOFF,-1,0
LAYOFFS,-1,0
LEADERSHIP,0,1
LEADING,0,1
LIE,-1,0
LIMITATION,-1,0
LIMITATIONS,-1,0
LINGERING,-1,0
LIQUIDATE,-1,0
LIQUIDATED,-1,0
LIQUIDATES,-1,0
LIQUIDATING,-1,0
LIQUIDATION,-1,0
LIQUIDATIONS,-1,0
LIQUIDATOR,-1,0
LIQUIDATORS,-1,0
LITIGANT,-1,0
LITIGANTS,-1,0
LITIGATE,-1,0
LITIGATED,-1,0
LITIGATES,-1,0
LITIGATING,-1,0
LITIGATION,-1,0
LITIGATIONS,-1,0
LOCKOUT,-1,0
LOCKOUTS,-1,0
LOSE,-1,0
LOSES,-1,0
LOSING,-1,0
LOSS,-1,0
LOSSES,-1,0
LOST,-1,0
LOYAL,0,1
LUCRATIVE,0,1
LYING,-1,0
MALFEASANCE,-1,0
MALFUNCTION,-1,0
MALFUNCTIONED,-1,0
MALFUNCTIONING,-1,0
MALFUNCTIONS,-1,0
MALICE,-1,0
MALICIOUS,-1,0
MALICIOUSLY,-1,0
MALPRACTICE,-1,0
MANIPULATE,-1,0
MANIPULATED,-1,0
MANIPULATES,-1,0
MANIPULATING,-1,0
MANIPULATION,-1,0
MANIPULATIONS,-1,0
MANIPULATIVE,-1,0
MARKDOWN,-1,0
MARKDOWNS,-1,0
MERITORIOUS,0,1
MISAPPLICATION,-1,0
MISAPPLICATIONS,-1,0
MISAPPLIED,-1,0
MISAPPLIES,-1,0
MISAPPLY,-1,0
MISAPPLYING,-1,0
MISAPPROPRIATE,-1,0
MISAPPROPRIATED,-1,0
MISAPPROPRIATES,-1,0
MISAPPROPRIATING,-1,0
MISAPPROPRIATION,-1,0
MISAPPROPRIATIONS,-1,0
MISBRANDED,-1,0
MISCALCULATE,-1,0
MISCALCULATED,-1,0
MISCALCULATES,-1,0
MISCALCULATING,-1,0
MISCALCULATION,-1,0
MISCALCULATIONS,-1,0
MISCHARACTERIZATION,-1,0
MISCHIEF,-1,0
MISCLASSIFICATION,-1,0
MISCLASSIFICATIONS,-1,0
MISCLASSIFIED,-1,0
MISCLASSIFY,-1,0
MISCOMMUNICATION,-1,0
MISCONDUCT,-1,0
MISDATED,-1,0
MISDEMEANOR,-1,0
MISDEMEANORS,-1,0
MISDIRECTED,-1,0
MISHANDLE,-1,0
MISHANDLED,-1,0
MISHANDLES,-1,0
MISHANDLING,-1,0
MISINFORM,-1,0
MISINFORMATION,-1,0
MISINFORMED,-1,0
MISINFORMING,-1,0
MISINFORMS,-1,0
MISINTERPRET,-1,0
MISINTERPRETATION,-1,0
MISINTERPRETATIONS,-1,0
MISINTERPRETED,-1,0
MISINTERPRETING,-1,0
MISINTERPRETS,-1,0
MISJUDGE,-1,0
MISJUDGED,-1,0
MISJUDGES,-1,0
MISJUDGING,-1,0
MISJUDGMENT,-1,0
MISJUDGMENTS,-1,0
MISLABEL,-1,0
MISLABELED,-1,0
MISLABELING,-1,0
MISLABELLED,-1,0
MISLABELS,-1,0
MISLEAD,-1,0
MISLEADING,-1,0
MISLEADINGLY,-1,0
MISLEADS,-1,0
MISLED,-1,0
MISMANAGE,-1,0
MISMANAGED,-1,0
MISMANAGEMENT,-1,0
MISMANAGES,-1,0
MISMANAGING,-1,0
MISMATCH,-1,0
MISMATCHED,-1,0
MISMATCHES,-1,0
MISMATCHING,-1,0
MISPLACED,-1,0
MISPRICE,-1,0
MISPRICING,-1,0
MISPRICINGS,-1,0
MISREPRESENT,-1,0
MISREPRESENTATION,-1,0
MISREPRESENTATIONS,-1,0
MISREPRESENTED,-1,0
MISREPRESENTING,-1,0
MISREPRESENTS,-1,0
MISS,-1,0
MISSED,-1,0
MISSES,-1,0
MISSTATE,-1,0
MISSTATED,-1,0
MISSTATEMENT,-1,0
MISSTATEMENTS,-1,0
MISSTATES,-1,0
MISSTATING,-1,0
MISSTEP,-1,0
MISSTEPS,-1,0
MISTAKE,-1,0
MISTAKEN,-1,0
MISTAKENLY,-1,0
MISTAKES,-1,0
MISTAKING,-1,0
MISTRIAL,-1,0
MISTRIALS,-1,0
MISUNDERSTAND,-1,0
MISUNDERSTANDING,-1,0
MISUNDERSTANDINGS,-1,0
MISUNDERSTOOD,-1,0
MISUSE,-1,0
MISUSED,-1,0
MISUSES,-1,0
MISUSING,-1,0
MONOPOLISTIC,-1,0
MONOPOLISTS,-1,0
MONOPOLIZATION,-1,0
MONOPOLIZE,-1,0
MONOPOLIZED,-1,0
MONOPOLIZES,-1,0
MONOPOLIZING,-1,0
MONOPOLY,-1,0
MORATORIA,-1,0
MORATORIUM,-1,0
MORATORIUMS,-1,0
MOTHBALLED,-1,0
MOTHBALLING,-1,0
NEGATIVE,-1,0
NEGATIVELY,-1,0
NEGATIVES,-1,0
NEGLECT,-1,0
NEGLECTED,-1,0
NEGLECTFUL,-1,0
NEGLECTING,-1,0
NEGLECTS,-1,0
NEGLIGENCE,-1,0
NEGLIGENCES,-1,0
NEGLIGENT,-1,0
NEGLIGENTLY,-1,0
NONATTAINMENT,-1,0
NONCOMPETITIVE,-1,0
NONCOMPLIANCE,-1,0
NONCOMPLIANCES,-1,0
NONCOMPLIANT,-1,0
NONCOMPLYING,-1,0
NONCONFORMING,-1,0
NONCONFORMITIES,-1,0
NONCONFORMITY,-1,0
NONDISCLOSURE,-1,0
NONFUNCTIONAL,-1,0
NONPAYMENT,-1,0
NONPAYMENTS,-1,0
NONPERFORMANCE,-1,0
NONPERFORMANCES,-1,0
NONPERFORMING,-1,0
NONPRODUCING,-1,0
NONPRODUCTIVE,-1,0
NONRECOVERABLE,-1,0
NONRENEWAL,-1,0
NUISANCE,-1,0
NUISANCES,-1,0
NULLIFICATION,-1,0
NULLIFICATIONS,-1,0
NULLIFIED,-1,0
NULLIFIES,-1,0
NULLIFY,-1,0
NULLIFYING,-1,0
OBJECTED,-1,0
OBJECTING,-1,0
OBJECTION,-1,0
OBJECTIONABLE,-1,0
OBJECTIONABLY,-1,0
OBJECTIONS,-1,0
OBSCENE,-1,0
OBSCENITY,-1,0
OBSOLESCENCE,-1,0
OBSOLETE,-1,0
OBSTACLE,-1,0
OBSTACLES,-1,0
OBSTRUCT,-1,0
OBSTRUCTED,-1,0
OBSTRUCTING,-1,0
OBSTRUCTION,-1,0
OBSTRUCTIONS,-1,0
OFFENCE,-1,0
OFFENCES,-1,0
OFFEND,-1,0
OFFENDED,-1,0
OFFENDER,-1,0
OFFENDERS,-1,0
OFFENDING,-1,0
OFFENDS,-1,0
OMISSION,-1,0
OMISSIONS,-1,0
OMIT,-1,0
OMITS,-1,0
OMITTED,-1,0
OMITTING,-1,0
ONEROUS,-1,0
OPPORTUNISTIC,-1,0
OPPORTUNISTICALLY,-1,0
OPPORTUNITIES,0,1
OPPORTUNITY,0,1
OPPOSE,-1,0
OPPOSED,-1,0
OPPOSES,-1,0
OPPOSING,-1,0
OPPOSITION,-1,0
OPPOSITIONS,-1,0
OPTIMISTIC,0,1
OUTAGE,-1,0
OUTAGES,-1,0
OUTDATED,-1,0
OUTMODED,-1,0
OUTPERFORM,0,1
OUTPERFORMED,0,1
OUTPERFORMING,0,1
OUTPERFORMS,0,1
OVERAGE,-1,0
OVERAGES,-1,0
OVERBUILD,-1,0
OVERBUILDING,-1,0
OVERBUILDS,-1,0
OVERBUILT,-1,0
OVERBURDEN,-1,0
OVERBURDENED,-1,0
OVERBURDENING,-1,0
OVERCAPACITIES,-1,0
OVERCAPACITY,-1,0
OVERCHARGE,-1,0
OVERCHARGED,-1,0
OVERCHARGES,-1,0
OVERCHARGING,-1,0
OVERCOME,-1,0
OVERCOMES,-1,0
OVERCOMING,-1,0
OVERDUE,-1,0
OVERESTIMATE,-1,0
OVERESTIMATED,-1,0
OVERESTIMATES,-1,0
OVERESTIMATING,-1,0
OVERESTIMATION,-1,0
OVERESTIMATIONS,-1,0
OVERLOAD,-1,0
OVERLOADED,-1,0
OVERLOADING,-1,0
OVERLOADS,-1,0
OVERLOOK,-1,0
OVERLOOKED,-1,0
OVERLOOKING,-1,0
OVERLOOKS,-1,0
OVERPAID,-1,0
OVERPAYMENT,-1,0
OVERPAYMENTS,-1,0
OVERPRODUCED,-1,0
OVERPRODUCES,-1,0
OVERPRODUCING,-1,0
OVERPRODUCTION,-1,0
OVERRUN,-1,0
OVERRUNNING,-1,0
OVERRUNS,-1,0
OVERSHADOW,-1,0
OVERSHADOWED,-1,0
OVERSHADOWING,-1,0
OVERSHADOWS,-1,0
OVERSTATE,-1,0
OVERSTATED,-1,0
OVERSTATEMENT,-1,0
OVERSTATEMENTS,-1,0
OVERSTATES,-1,0
OVERSTATING,-1,0
OVERSUPPLIED,-1,0
OVERSUPPLIES,-1,0
OVERSUPPLY,-1,0
OVERSUPPLYING,-1,0
OVERTLY,-1,0
OVERTURN,-1,0
OVERTURNED,-1,0
OVERTURNING,-1,0
OVERTURNS,-1,0
OVERVALUE,-1,0
OVERVALUED,-1,0
OVERVALUING,-1,0
PANIC,-1,0
PANICS,-1,0
PENALIZE,-1,0
PENALIZED,-1,0
PENALIZES,-1,0
PENALIZING,-1,0
PENALTIES,-1,0
PENALTY,-1,0
PERFECT,0,1
PERFECTED,0,1
PERFECTLY,0,1
PERFECTS,0,1
PERIL,-1,0
PERILS,-1,0
PERJURY,-1,0
PERPETRATE,-1,0
PERPETRATED,-1,0
PERPETRATES,-1,0
PERPETRATING,-1,0
PERPETRATION,-1,0
PERSIST,-1,0
PERSISTED,-1,0
PERSISTENCE,-1,0
PERSISTENT,-1,0
PERSISTENTLY,-1,0
PERSISTING,-1,0
PERSISTS,-1,0
PERVASIVE,-1,0
PERVASIVELY,-1,0
PERVASIVENESS,-1,0
PETTY,-1,0
PICKET,-1,0
PICKETED,-1,0
PICKETING,-1,0
PLAINTIFF,-1,0
PLAINTIFFS,-1,0
PLEA,-1,0
PLEAD,-1,0
PLEADED,-1,0
PLEADING,-1,0
PLEADINGS,-1,0
PLEADS,-1,0
PLEAS,-1,0
PLEASANT,0,1
PLEASANTLY,0,1
PLEASED,0,1
PLEASURE,0,1
PLED,-1,0
PLENTIFUL,0,1
POOR,-1,0
POORLY,-1,0
POPULAR,0,1
POPULARITY,0,1
POSES,-1,0
POSING,-1,0
POSITIVE,0,1
POSITIVELY,0,1
POSTPONE,-1,0
POSTPONED,-1,0
POSTPONEMENT,-1,0
POSTPONEMENTS,-1,0
POSTPONES,-1,0
POSTPONING,-1,0
PRECIPITATED,-1,0
PRECIPITOUS,-1,0
PRECIPITOUSLY,-1,0
PRECLUDE,-1,0
PRECLUDED,-1,0
PRECLUDES,-1,0
PRECLUDING,-1,0
PREDATORY,-1,0
PREEMINENCE,0,1
PREEMINENT,0,1
PREJUDICE,-1,0
PREJUDICED,-1,0
PREJUDICES,-1,0
PREJUDICIAL,-1,0
PREJUDICING,-1,0
PREMATURE,-1,0
PREMATURELY,-1,0
PREMIER,0,1
PREMIERE,0,1
PRESSING,-1,0
PRESTIGE,0,1
PRESTIGIOUS,0,1
PRETRIAL,-1,0
PREVENTING,-1,0
PREVENTION,-1,0
PREVENTS,-1,0
PROACTIVE,0,1
PROACTIVELY,0,1
PROBLEM,-1,0
PROBLEMATIC,-1,0
PROBLEMATICAL,-1,0
PROBLEMS,-1,0
PROFICIENCY,0,1
PROFICIENT,0,1
PROFICIENTLY,0,1
PROFITABILITY,0,1
PROFITABLE,0,1
PROFITABLY,0,1
PROGRESS,0,1
PROGRESSED,0,1
PROGRESSES,0,1
PROGRESSING,0,1
PROLONG,-1,0
PROLONGATION,-1,0
PROLONGATIONS,-1,0
PROLONGED,-1,0
PROLONGING,-1,0
PROLONGS,-1,0
PRONE,-1,0
PROSECUTE,-1,0
PROSECUTED,-1,0
PROSECUTES,-1,0
PROSECUTING,-1,0
PROSECUTION,-1,0
PROSECUTIONS,-1,0
PROSPERED,0,1
PROSPERING,0,1
PROSPERITY,0,1
PROSPEROUS,0,1
PROSPERS,0,1
PROTEST,-1,0
PROTESTED,-1,0
PROTESTER,-1,0
PROTESTERS,-1,0
PROTESTING,-1,0
PROTESTOR,-1,0
PROTESTORS,-1,0
PROTESTS,-1,0
PROTRACTED,-1,0
PROTRACTION,-1,0
PROVOKE,-1,0
PROVOKED,-1,0
PROVOKES,-1,0
PROVOKING,-1,0
PUNISHED,-1,0
PUNISHES,-1,0
PUNISHING,-1,0
PUNISHMENT,-1,0
PUNISHMENTS,-1,0
PUNITIVE,-1,0
PURPORT,-1,0
PURPORTED,-1,0
PURPORTEDLY,-1,0
PURPORTING,-1,0
PURPORTS,-1,0
QUESTION,-1,0
QUESTIONABLE,-1,0
QUESTIONABLY,-1,0
QUESTIONED,-1,0
QUESTIONING,-1,0
QUESTIONS,-1,0
QUIT,-1,0
QUITTING,-1,0
RACKETEER,-1,0
RACKETEERING,-1,0
RATIONALIZATION,-1,0
RATIONALIZATIONS,-1,0
RATIONALIZE,-1,0
RATIONALIZED,-1,0
RATIONALIZES,-1,0
RATIONALIZING,-1,0
REASSESSMENT,-1,0
REASSESSMENTS,-1,0
REASSIGN,-1,0
REASSIGNED,-1,0
REASSIGNING,-1,0
REASSIGNMENT,-1,0
REASSIGNMENTS,-1,0
REASSIGNS,-1,0
REBOUND,0,1
REBOUNDED,0,1
REBOUNDING,0,1
RECALL,-1,0
RECALLED,-1,0
RECALLING,-1,0
RECALLS,-1,0
RECEPTIVE,0,1
RECESSION,-1,0
RECESSIONARY,-1,0
RECESSIONS,-1,0
RECKLESS,-1,0
RECKLESSLY,-1,0
RECKLESSNESS,-1,0
REDACT,-1,0
REDACTED,-1,0
REDACTING,-1,0
REDACTION,-1,0
REDACTIONS,-1,0
REDEFAULT,-1,0
REDEFAULTED,-1,0
REDEFAULTS,-1,0
REDRESS,-1,0
REDRESSED,-1,0
REDRESSES,-1,0
REDRESSING,-1,0
REFUSAL,-1,0
REFUSALS,-1,0
REFUSE,-1,0
REFUSED,-1,0
REFUSES,-1,0
REFUSING,-1,0
REGAIN,0,1
REGAINED,0,1
REGAINING,0,1
REJECT,-1,0
REJECTED,-1,0
REJECTING,-1,0
REJECTION,-1,0
REJECTIONS,-1,0
REJECTS,-1,0
RELINQUISH,-1,0
RELINQUISHED,-1,0
RELINQUISHES,-1,0
RELINQUISHING,-1,0
RELINQUISHMENT,-1,0
RELINQUISHMENTS,-1,0
RELUCTANCE,-1,0
RELUCTANT,-1,0
RENEGOTIATE,-1,0
RENEGOTIATED,-1,0
RENEGOTIATES,-1,0
RENEGOTIATING,-1,0
RENEGOTIATION,-1,0
RENEGOTIATIONS,-1,0
RENOUNCE,-1,0
RENOUNCED,-1,0
RENOUNCEMENT,-1,0
RENOUNCEMENTS,-1,0
RENOUNCES,-1,0
RENOUNCING,-1,0
REPARATION,-1,0
REPARATIONS,-1,0
REPOSSESSED,-1,0
REPOSSESSES,-1,0
REPOSSESSING,-1,0
REPOSSESSION,-1,0
REPOSSESSIONS,-1,0
REPUDIATE,-1,0
REPUDIATED,-1,0
REPUDIATES,-1,0
REPUDIATING,-1,0
REPUDIATION,-1,0
REPUDIATIONS,-1,0
RESIGN,-1,0
RESIGNATION,-1,0
RESIGNATIONS,-1,0
RESIGNED,-1,0
RESIGNING,-1,0
RESIGNS,-1,0
RESOLVE,0,1
RESTATE,-1,0
RESTATED,-1,0
RESTATEMENT,-1,0
RESTATEMENTS,-1,0
RESTATES,-1,0
RESTATING,-1,0
RESTRUCTURE,-1,0
RESTRUCTURED,-1,0
RESTRUCTURES,-1,0
RESTRUCTURING,-1,0
RESTRUCTURINGS,-1,0
RETALIATE,-1,0
RETALIATED,-1,0
RETALIATES,-1,0
RETALIATING,-1,0
RETALIATION,-1,0
RETALIATIONS,-1,0
RETALIATORY,-1,0
RETRIBUTION,-1,0
RETRIBUTIONS,-1,0
REVOCATION,-1,0
REVOCATIONS,-1,0
REVOKE,-1,0
REVOKED,-1,0
REVOKES,-1,0
REVOKING,-1,0
REVOLUTIONIZE,0,1
REVOLUTIONIZED,0,1
REVOLUTIONIZES,0,1
REVOLUTIONIZING,0,1
REWARD,0,1
REWARDED,0,1
REWARDING,0,1
REWARDS,0,1
RIDICULE,-1,0
RIDICULED,-1,0
RIDICULES,-1,0
RIDICULING,-1,0
RISKIER,-1,0
RISKIEST,-1,0
RISKY,-1,0
SABOTAGE,-1,0
SACRIFICE,-1,0
SACRIFICED,-1,0
SACRIFICES,-1,0
SACRIFICIAL,-1,0
SACRIFICING,-1,0
SATISFACTION,0,1
SATISFACTORILY,0,1
SATISFACTORY,0,1
SATISFIED,0,1
SATISFIES,0,1
SATISFY,0,1
SATISFYING,0,1
SCANDALOUS,-1,0
SCANDALS,-1,0
SCRUTINIZE,-1,0
SCRUTINIZED,-1,0
SCRUTINIZES,-1,0
SCRUTINIZING,-1,0
SCRUTINY,-1,0
SECRECY,-1,0
SEIZE,-1,0
SEIZED,-1,0
SEIZES,-1,0
SEIZING,-1,0
SENTENCED,-1,0
SENTENCING,-1,0
SERIOUS,-1,0
SERIOUSLY,-1,0
SERIOUSNESS,-1,0
SETBACK,-1,0
SETBACKS,-1,0
SEVER,-1,0
SEVERE,-1,0
SEVERED,-1,0
SEVERELY,-1,0
SEVERITIES,-1,0
SEVERITY,-1,0
SHARPLY,-1,0
SHOCKED,-1,0
SHORTAGE,-1,0
SHORTAGES,-1,0
SHORTFALL,-1,0
SHORTFALLS,-1,0
SHRINKAGE,-1,0
SHRINKAGES,-1,0
SHUT,-1,0
SHUTDOWN,-1,0
SHUTDOWNS,-1,0
SHUTS,-1,0
SHUTTING,-1,0
SLANDER,-1,0
SLANDERED,-1,0
SLANDEROUS,-1,0
SLANDERS,-1,0
SLIPPAGE,-1,0
SLIPPAGES,-1,0
SLOW,-1,0
SLOWDOWN,-1,0
SLOWDOWNS,-1,0
SLOWED,-1,0
SLOWER,-1,0
SLOWEST,-1,0
SLOWING,-1,0
SLOWLY,-1,0
SLOWNESS,-1,0
SLUGGISH,-1,0
SLUGGISHLY,-1,0
SLUGGISHNESS,-1,0
SMOOTH,0,1
SMOOTHING,0,1
SMOOTHLY,0,1
SMOOTHS,0,1
SOLVENCIES,-1,0
SOLVENCY,-1,0
SOLVES,0,1
SOLVING,0,1
SPAM,-1,0
SPAMMERS,-1,0
SPAMMING,-1,0
SPECTACULAR,0,1
SPECTACULARLY,0,1
STABILITY,0,1
STABILIZATION,0,1
STABILIZATIONS,0,1
STABILIZE,0,1
STABILIZED,0,1
STABILIZES,0,1
STABILIZING,0,1
STABLE,0,1
STAGGERING,-1,0
STAGNANT,-1,0
STAGNATE,-1,0
STAGNATED,-1,0
STAGNATES,-1,0
STAGNATING,-1,0
STAGNATION,-1,0
STANDSTILL,-1,0
STANDSTILLS,-1,0
STOLEN,-1,0
STOPPAGE,-1,0
STOPPAGES,-1,0
STOPPED,-1,0
STOPPING,-1,0
STOPS,-1,0
STRAIN,-1,0
STRAINED,-1,0
STRAINING,-1,0
STRAINS,-1,0
STRENGTH,0,1
STRENGTHEN,0,1
STRENGTHENED,0,1
STRENGTHENING,0,1
STRENGTHENS,0,1
STRENGTHS,0,1
STRESS,-1,0
STRESSED,-1,0
STRESSES,-1,0
STRESSFUL,-1,0
STRESSING,-1,0
STRINGENT,-1,0
STRONG,0,1
STRONGER,0,1
STRONGEST,0,1
SUBJECTED,-1,0
SUBJECTING,-1,0
SUBJECTION,-1,0
SUBPOENA,-1,0
SUBPOENAED,-1,0
SUBPOENAS,-1,0
SUBSTANDARD,-1,0
SUCCEED,0,1
SUCCEEDED,0,1
SUCCEEDING,0,1
SUCCEEDS,0,1
SUCCESS,0,1
SUCCESSES,0,1
SUCCESSFUL,0,1
SUCCESSFULLY,0,1
SUE,-1,0
SUED,-1,0
SUES,-1,0
SUFFER,-1,0
SUFFERED,-1,0
SUFFERING,-1,0
SUFFERS,-1,0
SUING,-1,0
SUMMONED,-1,0
SUMMONING,-1,0
SUMMONS,-1,0
SUMMONSES,-1,0
SUPERIOR,0,1
SURPASS,0,1
SURPASSED,0,1
SURPASSES,0,1
SURPASSING,0,1
SUSCEPTIBILITY,-1,0
SUSCEPTIBLE,-1,0
SUSPECT,-1,0
SUSPECTED,-1,0
SUSPECTS,-1,0
SUSPEND,-1,0
SUSPENDED,-1,0
SUSPENDING,-1,0
SUSPENDS,-1,0
SUSPENSION,-1,0
SUSPENSIONS,-1,0
SUSPICION,-1,0
SUSPICIONS,-1,0
SUSPICIOUS,-1,0
SUSPICIOUSLY,-1,0
TAINT,-1,0
TAINTED,-1,0
TAINTING,-1,0
TAINTS,-1,0
TAMPERED,-1,0
TENSE,-1,0
TERMINATE,-1,0
TERMINATED,-1,0
TERMINATES,-1,0
TERMINATING,-1,0
TERMINATION,-1,0
TERMINATIONS,-1,0
TESTIFY,-1,0
TESTIFYING,-1,0
THREAT,-1,0
THREATEN,-1,0
THREATENED,-1,0
THREATENING,-1,0
THREATENS,-1,0
THREATS,-1,0
TIGHTENING,-1,0
TOLERATE,-1,0
TOLERATED,-1,0
TOLERATES,-1,0
TOLERATING,-1,0
TOLERATION,-1,0
TORTUOUS,-1,0
TORTUOUSLY,-1,0
TRAGEDIES,-1,0
TRAGEDY,-1,0
TRAGIC,-1,0
TRAGICALLY,-1,0
TRANSPARENCY,0,1
TRAUMATIC,-1,0
TREMENDOUS,0,1
TREMENDOUSLY,0,1
TROUBLE,-1,0
TROUBLED,-1,0
TROUBLES,-1,0
TURBULENCE,-1,0
TURMOIL,-1,0
UNABLE,-1,0
UNACCEPTABLE,-1,0
UNACCEPTABLY,-1,0
UNACCOUNTED,-1,0
UNANNOUNCED,-1,0
UNANTICIPATED,-1,0
UNAPPROVED,-1,0
UNATTRACTIVE,-1,0
UNAUTHORIZED,-1,0
UNAVAILABILITY,-1,0
UNAVAILABLE,-1,0
UNAVOIDABLE,-1,0
UNAVOIDABLY,-1,0
UNAWARE,-1,0
UNCOLLECTABLE,-1,0
UNCOLLECTED,-1,0
UNCOLLECTIBILITY,-1,0
UNCOLLECTIBLE,-1,0
UNCOLLECTIBLES,-1,0
UNCOMPETITIVE,-1,0
UNCOMPLETED,-1,0
UNCONSCIONABLE,-1,0
UNCONSCIONABLY,-1,0
UNCONTROLLABLE,-1,0
UNCONTROLLABLY,-1,0
UNCONTROLLED,-1,0
UNCORRECTED,-1,0
UNCOVER,-1,0
UNCOVERED,-1,0
UNCOVERING,-1,0
UNCOVERS,-1,0
UNDELIVERABLE,-1,0
UNDELIVERED,-1,0
UNDERCAPITALIZED,-1,0
UNDERCUT,-1,0
UNDERCUTS,-1,0
UNDERCUTTING,-1,0
UNDERESTIMATE,-1,0
UNDERESTIMATED,-1,0
UNDERESTIMATES,-1,0
UNDERESTIMATING,-1,0
UNDERESTIMATION,-1,0
UNDERFUNDED,-1,0
UNDERINSURED,-1,0
UNDERMINE,-1,0
UNDERMINED,-1,0
UNDERMINES,-1,0
UNDERMINING,-1,0
UNDERPAID,-1,0
UNDERPAYMENT,-1,0
UNDERPAYMENTS,-1,0
UNDERPAYS,-1,0
UNDERPERFORM,-1,0
UNDERPERFORMANCE,-1,0
UNDERPERFORMED,-1,0
UNDERPERFORMING,-1,0
UNDERPERFORMS,-1,0
UNDERPRODUCED,-1,0
UNDERPRODUCTION,-1,0
UNDERREPORTING,-1,0
UNDERSTATE,-1,0
UNDERSTATED,-1,0
UNDERSTATEMENT,-1,0
UNDERSTATEMENTS,-1,0
UNDERSTATES,-1,0
UNDERSTATING,-1,0
UNDERUTILIZATION,-1,0
UNDERUTILIZED,-1,0
UNDESIRABLE,-1,0
UNDESIRED,-1,0
UNDETECTED,-1,0
UNDETERMINED,-1,0
UNDISCLOSED,-1,0
UNDOCUMENTED,-1,0
UNDUE,-1,0
UNDULY,-1,0
UNECONOMIC,-1,0
UNECONOMICAL,-1,0
UNECONOMICALLY,-1,0
UNEMPLOYED,-1,0
UNEMPLOYMENT,-1,0
UNETHICAL,-1,0
UNETHICALLY,-1,0
UNEXCUSED,-1,0
UNEXPECTED,-1,0
UNEXPECTEDLY,-1,0
UNFAIR,-1,0
UNFAIRLY,-1,0
UNFAVORABILITY,-1,0
UNFAVORABLE,-1,0
UNFAVORABLY,-1,0
UNFAVOURABLE,-1,0
UNFEASIBLE,-1,0
UNFIT,-1,0
UNFITNESS,-1,0
UNFORESEEABLE,-1,0
UNFORESEEN,-1,0
UNFORSEEN,-1,0
UNFORTUNATE,-1,0
UNFORTUNATELY,-1,0
UNFOUNDED,-1,0
UNFRIENDLY,-1,0
UNFULFILLED,-1,0
UNFUNDED,-1,0
UNINSURED,-1,0
UNINTENDED,-1,0
UNINTENTIONAL,-1,0
UNINTENTIONALLY,-1,0
UNJUST,-1,0
UNJUSTIFIABLE,-1,0
UNJUSTIFIABLY,-1,0
UNJUSTIFIED,-1,0
UNJUSTLY,-1,0
UNKNOWING,-1,0
UNKNOWINGLY,-1,0
UNLAWFUL,-1,0
UNLAWFULLY,-1,0
UNLICENSED,-1,0
UNLIQUIDATED,-1,0
UNMARKETABLE,-1,0
UNMATCHED,0,1
UNMERCHANTABLE,-1,0
UNMERITORIOUS,-1,0
UNNECESSARILY,-1,0
UNNECESSARY,-1,0
UNNEEDED,-1,0
UNOBTAINABLE,-1,0
UNOCCUPIED,-1,0
UNPAID,-1,0
UNPARALLELED,0,1
UNPERFORMED,-1,0
UNPLANNED,-1,0
UNPOPULAR,-1,0
UNPREDICTABILITY,-1,0
UNPREDICTABLE,-1,0
UNPREDICTABLY,-1,0
UNPREDICTED,-1,0
UNPRODUCTIVE,-1,0
UNPROFITABILITY,-1,0
UNPROFITABLE,-1,0
UNQUALIFIED,-1,0
UNREALISTIC,-1,0
UNREASONABLE,-1,0
UNREASONABLENESS,-1,0
UNREASONABLY,-1,0
UNRECEPTIVE,-1,0
UNRECOVERABLE,-1,0
UNRECOVERED,-1,0
UNREIMBURSED,-1,0
UNRELIABLE,-1,0
UNREMEDIED,-1,0
UNREPORTED,-1,0
UNRESOLVED,-1,0
UNREST,-1,0
UNSAFE,-1,0
UNSALABLE,-1,0
UNSALEABLE,-1,0
UNSATISFACTORY,-1,0
UNSATISFIED,-1,0
UNSAVORY,-1,0
UNSCHEDULED,-1,0
UNSELLABLE,-1,0
UNSOLD,-1,0
UNSOUND,-1,0
UNSTABILIZED,-1,0
UNSTABLE,-1,0
UNSUBSTANTIATED,-1,0
UNSUCCESSFUL,-1,0
UNSUCCESSFULLY,-1,0
UNSUITABILITY,-1,0
UNSUITABLE,-1,0
UNSUITABLY,-1,0
UNSUITED,-1,0
UNSURE,-1,0
UNSURPASSED,0,1
UNSUSPECTED,-1,0
UNSUSPECTING,-1,0
UNSUSTAINABLE,-1,0
UNTENABLE,-1,0
UNTIMELY,-1,0
UNTRUSTED,-1,0
UNTRUTH,-1,0
UNTRUTHFUL,-1,0
UNTRUTHFULLY,-1,0
UNTRUTHFULNESS,-1,0
UNTRUTHS,-1,0
UNUSABLE,-1,0
UNWANTED,-1,0
UNWARRANTED,-1,0
UNWELCOME,-1,0
UNWILLING,-1,0
UNWILLINGNESS,-1,0
UPSET,-1,0
UPTURN,0,1
UPTURNS,0,1
URGENCY,-1,0
URGENT,-1,0
USURIOUS,-1,0
USURP,-1,0
USURPED,-1,0
USURPING,-1,0
USURPS,-1,0
USURY,-1,0
VALUABLE,0,1
VANDALISM,-1,0
VERDICT,-1,0
VERDICTS,-1,0
VERSATILE,0,1
VERSATILITY,0,1
VETOED,-1,0
VIBRANCY,0,1
VIBRANT,0,1
VICTIMS,-1,0
VIOLATE,-1,0
VIOLATED,-1,0
VIOLATES,-1,0
VIOLATING,-1,0
VIOLATION,-1,0
VIOLATIONS,-1,0
VIOLATIVE,-1,0
VIOLATOR,-1,0
VIOLATORS,-1,0
VIOLENCE,-1,0
VIOLENT,-1,0
VIOLENTLY,-1,0
VITIATE,-1,0
VITIATED,-1,0
VITIATES,-1,0
VITIATING,-1,0
VITIATION,-1,0
VOIDED,-1,0
VOIDING,-1,0
VOLATILE,-1,0
VOLATILITY,-1,0
VULNERABILITIES,-1,0
VULNERABILITY,-1,0
VULNERABLE,-1,0
VULNERABLY,-1,0
WARN,-1,0
WARNED,-1,0
WARNING,-1,0
WARNINGS,-1,0
WARNS,-1,0
WASTED,-1,0
WASTEFUL,-1,0
WASTING,-1,0
WEAK,-1,0
WEAKEN,-1,0
WEAKENED,-1,0
WEAKENING,-1,0
WEAKENS,-1,0
WEAKER,-1,0
WEAKEST,-1,0
WEAKLY,-1,0
WEAKNESS,-1,0
WEAKNESSES,-1,0
WILLFULLY,-1,0
WIN,0,1
WINNER,0,1
WINNERS,0,1
WINNING,0,1
WORRIES,-1,0
WORRY,-1,0
WORRYING,-1,0
WORSE,-1,0
WORSEN,-1,0
WORSENED,-1,0
WORSENING,-1,0
WORSENS,-1,0
WORST,-1,0
WORTHLESS,-1,0
WORTHY,0,1
WRITEDOWN,-1,0
WRITEDOWNS,-1,0
WRITEOFF,-1,0
WRITEOFFS,-1,0
WRONG,-1,0
WRONGDOING,-1,0
WRONGDOINGS,-1,0
WRONGFUL,-1,0
WRONGFULLY,-1,0
WRONGLY,-1,0
,-2355,354
